{"cameraMode":{"drawMode":0,"name":"Shaded","section":"Shading Mode"},"sceneLighting":false,"audioPlay":false,"sceneViewState":{"showFog":true,"showMaterialUpdate":false,"showSkybox":false,"showFlares":true,"showImageEffects":true,"showParticleSystems":true},"in2DMode":false,"pivot":{"x":0.9692177772521973,"y":-1.0650599002838135,"z":-0.984882652759552},"rotation":{"x":0.24817895889282227,"y":0.7444509863853455,"z":-0.49468642473220827,"w":0.37348487973213198},"size":2.147800922393799,"orthographic":false}