{"cameraMode":{"drawMode":0,"name":"Shaded","section":"Shading Mode"},"sceneLighting":false,"audioPlay":false,"sceneViewState":{"showFog":true,"showMaterialUpdate":false,"showSkybox":false,"showFlares":true,"showImageEffects":true,"showParticleSystems":true},"in2DMode":false,"pivot":{"x":0.018835514783859254,"y":0.4792368412017822,"z":-0.08536005020141602},"rotation":{"x":0.0024164803326129915,"y":0.997219979763031,"z":-0.06440994143486023,"w":0.037413205951452258},"size":2.125340223312378,"orthographic":false}